from,to
11,0
0,1
5,1
1,2
345,3
656,4
184,4
124,4
11,5
318,5
448,6
330,7
12,8
656,8
627,9
629,10
18,10
20,11
225,12
637,14
558,14
31,15
16,15
548,15
171,16
172,16
15,17
19,18
596,18
449,19
552,19
452,20
634,21
635,21
10,24
148,24
24,25
633,26
343,27
433,29
28,29
154,29
687,29
440,29
14,29
29,30
29,31
230,31
626,32
659,33
270,35
725,36
725,37
345,38
577,39
458,40
136,40
577,41
458,42
136,42
707,43
669,44
314,45
692,46
553,47
46,47
674,48
48,49
510,50
303,52
345,54
573,55
55,56
240,57
564,58
63,59
449,60
65,61
520,61
61,62
576,63
49,64
60,65
70,65
65,66
333,67
534,67
680,68
68,69
60,70
64,71
49,72
49,73
49,74
77,75
449,76
161,77
579,77
383,78
77,79
82,80
399,80
29,81
632,81
395,82
209,82
371,83
585,84
530,85
570,85
87,85
85,86
490,88
459,89
372,89
460,89
586,90
488,91
91,92
64,93
83,94
730,95
529,95
613,96
485,97
615,97
449,98
517,100
12,101
483,101
424,102
102,103
728,104
590,104
423,105
105,106
614,107
0,108
596,111
111,112
148,113
408,114
442,115
155,115
116,115
442,116
638,117
118,117
375,117
47,118
611,119
609,119
122,119
611,120
610,121
119,121
35,123
204,126
206,126
447,127
308,127
622,128
509,129
509,130
509,131
141,133
132,133
639,134
49,135
566,136
568,136
39,136
152,136
41,136
553,137
49,138
459,138
89,138
138,139
135,139
271,140
425,141
479,142
600,142
600,143
147,144
10,144
144,145
145,146
260,146
188,147
552,147
596,148
145,149
346,150
150,151
577,152
458,153
136,153
158,154
157,154
34,154
373,154
155,156
443,157
563,158
240,160
10,160
160,161
535,162
371,163
523,163
609,164
256,164
241,165
659,166
317,167
695,168
145,169
29,170
555,170
170,171
271,174
439,175
139,176
228,177
307,178
340,179
179,180
345,181
146,182
149,182
342,183
295,183
501,184
500,184
411,185
414,186
190,187
214,188
188,189
215,189
192,189
189,190
188,191
191,192
419,193
194,193
420,194
194,195
264,195
197,196
418,197
423,197
550,197
197,198
198,199
199,200
196,201
201,202
486,203
205,204
212,205
205,206
393,207
207,208
207,209
208,210
209,210
209,211
211,212
212,213
395,214
212,214
214,215
211,216
216,217
214,217
271,218
272,219
218,219
537,220
238,221
624,221
549,222
222,223
222,224
143,225
142,225
222,226
449,227
552,227
710,227
227,228
177,229
29,230
564,231
58,231
591,232
424,233
10,233
560,233
233,234
272,235
47,236
375,236
449,237
703,238
241,239
411,240
57,241
241,242
242,243
596,244
346,245
245,246
300,247
418,248
423,248
248,249
249,250
418,251
423,251
251,252
252,253
252,254
250,255
609,256
84,259
449,261
263,262
19,263
630,263
194,264
193,265
265,266
552,267
148,268
268,269
419,270
345,271
271,272
140,272
272,273
335,274
300,274
300,275
480,276
99,277
510,278
139,279
139,280
279,280
280,281
139,282
352,282
133,282
486,283
258,283
286,284
284,285
225,286
455,287
287,288
288,289
705,289
343,290
290,291
305,292
290,293
69,294
286,295
295,296
285,296
296,297
319,298
685,299
214,300
486,300
283,300
581,302
472,303
627,303
51,303
689,303
290,304
290,305
225,306
488,307
354,308
343,309
545,309
348,310
608,311
99,312
517,312
100,312
312,313
313,314
449,315
724,315
261,315
15,316
316,317
291,319
304,319
305,319
181,320
685,321
219,322
521,322
84,323
326,324
327,324
324,325
380,326
326,327
378,328
331,329
332,330
693,331
386,331
331,332
674,333
335,334
486,335
283,335
486,336
53,336
485,338
615,338
502,339
299,339
321,339
681,339
339,340
601,341
225,342
234,343
446,343
103,343
343,344
344,345
345,346
54,347
345,348
447,348
480,349
242,350
350,351
141,352
577,353
447,354
146,355
149,355
646,356
360,356
356,357
356,358
360,359
305,360
292,360
360,361
366,362
357,363
357,364
357,364
357,364
357,364
358,365
369,366
361,367
358,368
361,369
367,370
237,371
375,374
553,375
553,376
337,376
386,377
379,378
564,379
564,380
380,381
380,382
77,383
184,384
376,385
137,385
693,386
659,387
291,388
590,389
95,390
378,391
29,392
392,393
393,394
114,394
394,395
405,395
395,396
409,396
396,397
80,398
410,398
82,399
185,400
423,401
401,402
423,403
402,404
397,406
396,406
263,407
262,407
393,408
80,410
11,411
215,411
572,413
418,414
8,414
317,415
397,416
316,416
12,417
417,418
420,419
596,420
419,421
148,422
419,422
417,423
597,424
522,426
11,427
439,427
175,427
11,428
412,428
345,430
430,431
441,432
435,434
437,436
627,438
438,439
436,440
411,441
578,442
156,443
631,444
29,444
233,445
688,445
233,446
309,447
11,448
23,448
492,449
441,449
185,449
432,449
112,450
113,451
439,452
429,452
450,453
549,454
454,455
705,456
480,457
566,458
568,458
39,458
41,458
152,458
153,459
40,459
42,459
567,459
569,459
459,460
130,461
470,462
163,463
146,464
149,464
464,465
449,466
691,466
466,467
468,467
449,468
696,468
576,469
466,470
161,471
17,472
546,472
472,473
472,474
139,475
161,476
556,476
539,477
341,478
341,479
553,480
281,481
96,482
99,484
180,485
487,486
126,486
204,487
206,487
161,488
485,489
615,489
510,490
411,491
491,492
181,493
498,494
493,495
320,495
496,497
730,498
72,499
13,501
121,502
271,503
503,504
504,505
505,506
164,507
164,508
507,508
510,509
49,510
485,511
615,511
513,512
176,512
139,513
597,514
13,515
470,516
99,517
462,518
686,518
462,519
516,519
520,519
272,521
218,521
672,522
371,523
700,524
524,525
525,526
526,527
497,528
730,529
730,529
244,530
532,531
533,532
333,534
544,535
625,535
535,536
536,537
371,537
449,538
535,539
543,540
540,541
544,542
394,543
107,543
543,544
343,545
17,546
110,546
139,547
31,548
12,549
418,550
552,551
449,552
729,552
66,553
61,553
38,554
109,555
161,556
298,557
561,560
562,561
559,562
115,563
443,563
565,564
472,565
577,566
458,567
136,567
577,568
458,569
136,569
530,570
27,571
574,572
572,573
242,574
239,574
99,575
575,576
376,577
137,577
159,578
79,580
99,581
71,581
219,582
273,582
521,582
572,584
139,585
680,585
585,586
612,587
719,588
602,589
103,590
104,591
591,592
591,593
623,594
239,595
300,596
19,596
228,596
630,596
229,596
623,597
594,597
515,597
599,598
341,600
605,600
319,601
72,602
73,602
74,602
64,602
71,602
588,602
93,602
295,603
346,604
606,605
319,606
345,607
348,608
251,609
609,610
251,611
586,612
612,613
180,615
501,616
129,617
619,618
655,619
564,619
524,619
67,620
623,621
241,622
622,623
128,623
703,624
544,625
10,626
628,627
634,628
15,628
630,629
596,629
449,630
552,630
173,630
28,631
631,632
632,633
633,634
22,634
26,634
634,635
626,636
34,637
47,638
71,639
65,640
323,641
646,642
650,643
643,644
650,645
646,645
647,646
295,647
642,648
642,649
648,649
295,650
645,651
653,652
652,654
654,655
306,656
595,657
486,658
632,659
652,659
214,660
664,660
667,660
660,661
660,662
654,663
81,663
633,664
654,664
663,665
664,666
666,667
129,668
670,669
674,669
674,670
88,671
669,672
333,673
43,674
139,675
139,676
139,677
139,678
139,679
139,680
547,680
475,680
685,681
501,682
512,682
682,683
698,683
683,684
684,685
462,686
433,687
233,688
472,689
474,689
380,690
694,690
553,692
472,693
380,694
416,695
583,696
125,696
371,697
512,698
618,699
419,700
123,700
727,701
727,702
371,703
697,703
357,704
287,705
119,705
457,706
117,707
236,707
117,708
236,708
480,709
73,711
65,712
712,713
722,713
712,714
722,714
712,715
722,715
712,716
722,716
71,717
65,718
711,718
718,719
719,720
718,721
499,721
65,722
695,723
432,724
233,725
725,726
726,727
726,728
449,729
301,729
257,729
238,731
624,731
731,732
732,733